{
  "python_timings_s": [
    0.0055724000003465335,
    0.003392600000552193,
    0.003288300000349409
  ],
  "python_metric": {
    "correct": 125,
    "total": 136,
    "accuracy": 0.9191176470588235,
    "macro_f1": 0.9195948029679126,
    "balanced_accuracy": 0.9191176470588235,
    "min_recall": 0.8823529411764706,
    "per_class": {
      "NSR": {
        "precision": 0.8648648648648649,
        "recall": 0.9411764705882353,
        "f1": 0.9014084507042254,
        "support": 34
      },
      "CHF": {
        "precision": 0.9696969696969697,
        "recall": 0.9411764705882353,
        "f1": 0.955223880597015,
        "support": 34
      },
      "ARR": {
        "precision": 0.8823529411764706,
        "recall": 0.8823529411764706,
        "f1": 0.8823529411764706,
        "support": 34
      },
      "AFF": {
        "precision": 0.96875,
        "recall": 0.9117647058823529,
        "f1": 0.9393939393939394,
        "support": 34
      }
    },
    "confusion_matrix": [
      [
        32,
        0,
        2,
        0
      ],
      [
        1,
        32,
        0,
        1
      ],
      [
        3,
        1,
        30,
        0
      ],
      [
        1,
        0,
        2,
        31
      ]
    ]
  },
  "rtl_profile_source": "C:\\Users\\YangGeon\\SNN ECG Classifier\\results\\final_membrane_v2_snn\\xsim_snn_ecg_v2_test_first1_profile.json",
  "cycles_per_sample_total": 1.0002666666666666,
  "energy_note": "Vivado-estimated @1MHz: approximately 99 nJ/sample using 0.099 W total on-chip power.",
  "limitation": "CPU timing is local Python, not optimized C. RTL timing is derived from counters and Vivado reports, not a full 30-minute board replay transcript."
}
