{
  "timestamp_utc": "2026-07-05T09:10:46.315895+00:00",
  "test_evaluation_count": 1,
  "split_hash": "9514200bcbe3a57a120ff135eee905405edac396a1a464327b9247e059ff47a0",
  "test_used_for_selection": false,
  "locked_params_path": "C:\\Users\\YangGeon\\SNN ECG Classifier\\configs\\recordwise_resplit_seed20260808\\best_final_membrane_structural_grid_locked.json",
  "selected_candidate_id": "structural_guarded_silent_aff_1008710",
  "chunk_level": {
    "correct": 29,
    "total": 36,
    "accuracy": 0.8055555555555556,
    "macro_f1": 0.8043785935426802,
    "balanced_accuracy": 0.8055555555555556,
    "min_recall": 0.6666666666666666,
    "recall_range": 0.33333333333333337,
    "per_class": {
      "NSR": {
        "precision": 0.75,
        "recall": 1.0,
        "f1": 0.8571428571428571,
        "support": 9
      },
      "CHF": {
        "precision": 1.0,
        "recall": 0.6666666666666666,
        "f1": 0.8,
        "support": 9
      },
      "ARR": {
        "precision": 0.875,
        "recall": 0.7777777777777778,
        "f1": 0.823529411764706,
        "support": 9
      },
      "AFF": {
        "precision": 0.7,
        "recall": 0.7777777777777778,
        "f1": 0.7368421052631577,
        "support": 9
      }
    },
    "confusion_matrix": [
      [
        9,
        0,
        0,
        0
      ],
      [
        0,
        6,
        0,
        3
      ],
      [
        2,
        0,
        7,
        0
      ],
      [
        1,
        0,
        1,
        7
      ]
    ]
  },
  "record_level_majority": {
    "correct": 16,
    "total": 19,
    "accuracy": 0.8421052631578947,
    "macro_f1": 0.8080357142857143,
    "balanced_accuracy": 0.8819444444444444,
    "min_recall": 0.75,
    "per_class": {
      "NSR": {
        "precision": 0.7142857142857143,
        "recall": 1.0,
        "f1": 0.8333333333333333,
        "support": 5
      },
      "CHF": {
        "precision": 1.0,
        "recall": 0.75,
        "f1": 0.8571428571428571,
        "support": 4
      },
      "ARR": {
        "precision": 1.0,
        "recall": 0.7777777777777778,
        "f1": 0.8750000000000001,
        "support": 9
      },
      "AFF": {
        "precision": 0.5,
        "recall": 1.0,
        "f1": 0.6666666666666666,
        "support": 1
      }
    },
    "confusion_matrix": [
      [
        5,
        0,
        0,
        0
      ],
      [
        0,
        3,
        0,
        1
      ],
      [
        2,
        0,
        7,
        0
      ],
      [
        0,
        0,
        0,
        1
      ]
    ]
  },
  "test_chunk_count_by_class": {
    "AFF": 9,
    "ARR": 9,
    "CHF": 9,
    "NSR": 9
  },
  "test_record_count_by_class": {
    "AFF": 1,
    "ARR": 9,
    "CHF": 4,
    "NSR": 5
  }
}
