{
  "candidate": "structural_guarded_silent_aff_1008710",
  "locked_params_hash": "7a4383441d6a6b2c9d88dba253ca6809f424ce36ca0a09a2876dac3696d33c1b",
  "final_test_used_for_selection": false,
  "final_test_used_for_parameter_search": false,
  "final_test_used_for_chatgpt_context": false,
  "train": {
    "correct": 61,
    "total": 68,
    "accuracy": 0.8970588235294118,
    "macro_f1": 0.8990641711229946,
    "balanced_accuracy": 0.8970588235294117,
    "min_recall": 0.8235294117647058,
    "recall_range": 0.11764705882352944,
    "per_class": {
      "NSR": {
        "precision": 0.7894736842105263,
        "recall": 0.8823529411764706,
        "f1": 0.8333333333333333,
        "support": 17
      },
      "CHF": {
        "precision": 1.0,
        "recall": 0.9411764705882353,
        "f1": 0.9696969696969697,
        "support": 17
      },
      "ARR": {
        "precision": 0.8235294117647058,
        "recall": 0.8235294117647058,
        "f1": 0.8235294117647058,
        "support": 17
      },
      "AFF": {
        "precision": 1.0,
        "recall": 0.9411764705882353,
        "f1": 0.9696969696969697,
        "support": 17
      }
    },
    "confusion_matrix": [
      [
        15,
        0,
        2,
        0
      ],
      [
        1,
        16,
        0,
        0
      ],
      [
        3,
        0,
        14,
        0
      ],
      [
        0,
        0,
        1,
        16
      ]
    ]
  },
  "val": {
    "correct": 32,
    "total": 32,
    "accuracy": 1.0,
    "macro_f1": 1.0,
    "balanced_accuracy": 1.0,
    "min_recall": 1.0,
    "recall_range": 0.0,
    "per_class": {
      "NSR": {
        "precision": 1.0,
        "recall": 1.0,
        "f1": 1.0,
        "support": 8
      },
      "CHF": {
        "precision": 1.0,
        "recall": 1.0,
        "f1": 1.0,
        "support": 8
      },
      "ARR": {
        "precision": 1.0,
        "recall": 1.0,
        "f1": 1.0,
        "support": 8
      },
      "AFF": {
        "precision": 1.0,
        "recall": 1.0,
        "f1": 1.0,
        "support": 8
      }
    },
    "confusion_matrix": [
      [
        8,
        0,
        0,
        0
      ],
      [
        0,
        8,
        0,
        0
      ],
      [
        0,
        0,
        8,
        0
      ],
      [
        0,
        0,
        0,
        8
      ]
    ]
  },
  "test": {
    "correct": 29,
    "total": 36,
    "accuracy": 0.8055555555555556,
    "macro_f1": 0.8043785935426802,
    "balanced_accuracy": 0.8055555555555556,
    "min_recall": 0.6666666666666666,
    "recall_range": 0.33333333333333337,
    "per_class": {
      "NSR": {
        "precision": 0.75,
        "recall": 1.0,
        "f1": 0.8571428571428571,
        "support": 9
      },
      "CHF": {
        "precision": 1.0,
        "recall": 0.6666666666666666,
        "f1": 0.8,
        "support": 9
      },
      "ARR": {
        "precision": 0.875,
        "recall": 0.7777777777777778,
        "f1": 0.823529411764706,
        "support": 9
      },
      "AFF": {
        "precision": 0.7,
        "recall": 0.7777777777777778,
        "f1": 0.7368421052631577,
        "support": 9
      }
    },
    "confusion_matrix": [
      [
        9,
        0,
        0,
        0
      ],
      [
        0,
        6,
        0,
        3
      ],
      [
        2,
        0,
        7,
        0
      ],
      [
        1,
        0,
        1,
        7
      ]
    ]
  },
  "test_record_majority": {
    "correct": 16,
    "total": 19,
    "accuracy": 0.8421052631578947,
    "macro_f1": 0.8080357142857143,
    "balanced_accuracy": 0.8819444444444444,
    "min_recall": 0.75,
    "per_class": {
      "NSR": {
        "precision": 0.7142857142857143,
        "recall": 1.0,
        "f1": 0.8333333333333333,
        "support": 5
      },
      "CHF": {
        "precision": 1.0,
        "recall": 0.75,
        "f1": 0.8571428571428571,
        "support": 4
      },
      "ARR": {
        "precision": 1.0,
        "recall": 0.7777777777777778,
        "f1": 0.8750000000000001,
        "support": 9
      },
      "AFF": {
        "precision": 0.5,
        "recall": 1.0,
        "f1": 0.6666666666666666,
        "support": 1
      }
    },
    "confusion_matrix": [
      [
        5,
        0,
        0,
        0
      ],
      [
        0,
        3,
        0,
        1
      ],
      [
        2,
        0,
        7,
        0
      ],
      [
        0,
        0,
        0,
        1
      ]
    ]
  },
  "test_evaluation_count": 1,
  "previous_final_test_artifact": "reports\\strict_recordwise_resplit_seed20260808\\final_test_structural_grid_final_membrane\\structural_final_test_metrics.json",
  "matches_expected": {
    "train": true,
    "val": true,
    "test": true,
    "test_record_majority": true,
    "test_evaluation_count": true,
    "test_artifact_candidate": true
  }
}
