Class,total_records,valid_count,missing_count,mean,std,median,min,max,missing_rate_percent
AFF,23,0,23,,,,,,100.0
ARR,48,40,8,318.975,121.98307732569364,346.5,8.0,533.0,16.666666666666664
CHF,15,15,0,463.8,88.64149302507424,485.0,322.0,606.0,0.0
NSR,18,18,0,422.3888888888889,61.97830634598158,426.0,305.0,533.0,0.0
