model,split,segment_correct,segment_total,segment_accuracy,record_correct,record_total,record_accuracy,macro_f1,balanced_accuracy,ARR_to_NSR,ARR_to_AFF,NSR_to_ARR,CHF_to_ARR,AFF_to_ARR,segment_confusion,record_confusion,NSR_precision,NSR_recall,NSR_f1,CHF_precision,CHF_recall,CHF_f1,ARR_precision,ARR_recall,ARR_f1,AFF_precision,AFF_recall,AFF_f1,gate_applied,gate_success,gate_damage
Model_A_plus,train,313,400,0.7825,41,50,0.82,0.7819102259121818,0.7824999999999999,13,13,6,8,11,"[[85,7,6,2],[4,76,8,12],[13,4,70,13],[1,6,11,82]]","[[10,1,0,0],[0,8,0,1],[1,1,15,3],[0,1,1,8]]",0.8252427184466019,0.85,0.8374384236453202,0.8172043010752689,0.76,0.7875647668393783,0.7368421052631579,0.7,0.717948717948718,0.7522935779816514,0.82,0.784688995215311,0,0,0
Model_S_EERG,train,313,400,0.7825,41,50,0.82,0.7819102259121818,0.7824999999999999,13,13,6,8,11,"[[85,7,6,2],[4,76,8,12],[13,4,70,13],[1,6,11,82]]","[[10,1,0,0],[0,8,0,1],[1,1,15,3],[0,1,1,8]]",0.8252427184466019,0.85,0.8374384236453202,0.8172043010752689,0.76,0.7875647668393783,0.7368421052631579,0.7,0.717948717948718,0.7522935779816514,0.82,0.784688995215311,14,0,0
Model_A_plus,val,136,160,0.85,18,20,0.9,0.8491121961701501,0.85,1,1,4,2,5,"[[36,0,4,0],[3,31,2,4],[1,0,38,1],[1,3,5,31]]","[[4,0,0,0],[0,3,0,0],[0,0,8,0],[0,0,2,3]]",0.8780487804878049,0.9,0.888888888888889,0.9117647058823529,0.775,0.8378378378378379,0.7755102040816326,0.95,0.8539325842696629,0.8611111111111112,0.775,0.8157894736842106,0,0,0
Model_S_EERG,val,136,160,0.85,18,20,0.9,0.8491121961701501,0.85,1,1,4,2,5,"[[36,0,4,0],[3,31,2,4],[1,0,38,1],[1,3,5,31]]","[[4,0,0,0],[0,3,0,0],[0,0,8,0],[0,0,2,3]]",0.8780487804878049,0.9,0.888888888888889,0.9117647058823529,0.775,0.8378378378378379,0.7755102040816326,0.95,0.8539325842696629,0.8611111111111112,0.775,0.8157894736842106,5,0,0
Model_A_plus,test,129,160,0.80625,17,19,0.8947368421052632,0.8058920747926771,0.80625,6,8,9,3,2,"[[31,0,9,0],[0,37,3,0],[6,0,26,8],[0,3,2,35]]","[[3,0,0,0],[0,3,0,0],[0,0,7,2],[0,0,0,4]]",0.8378378378378378,0.775,0.8051948051948051,0.925,0.925,0.925,0.65,0.65,0.65,0.813953488372093,0.875,0.8433734939759036,0,0,0
Model_S_EERG,test,131,160,0.81875,18,19,0.9473684210526315,0.8193297913318238,0.8187500000000001,6,6,9,3,2,"[[31,0,9,0],[0,37,3,0],[6,0,28,6],[0,3,2,35]]","[[3,0,0,0],[0,3,0,0],[0,0,8,1],[0,0,0,4]]",0.8378378378378378,0.775,0.8051948051948051,0.925,0.925,0.925,0.6666666666666666,0.7,0.6829268292682926,0.8536585365853658,0.875,0.8641975308641976,6,2,0
